{"cameraMode":{"drawMode":0,"name":"Shaded","section":"Shading Mode"},"sceneLighting":false,"audioPlay":false,"sceneViewState":{"showFog":true,"showMaterialUpdate":false,"showSkybox":false,"showFlares":true,"showImageEffects":true,"showParticleSystems":true},"in2DMode":false,"pivot":{"x":-0.3400000333786011,"y":0.6299999952316284,"z":3.0999999046325685},"rotation":{"x":-0.06625796109437943,"y":-0.009880718775093556,"z":0.0006561035988852382,"w":-0.9977549314498901},"size":0.6928234696388245,"orthographic":false}