{"cameraMode":{"drawMode":0,"name":"Shaded","section":"Shading Mode"},"sceneLighting":true,"audioPlay":false,"sceneViewState":{"showFog":true,"showMaterialUpdate":false,"showSkybox":true,"showFlares":true,"showImageEffects":true,"showParticleSystems":true},"in2DMode":false,"pivot":{"x":309.9393310546875,"y":177.6177978515625,"z":64.96755981445313},"rotation":{"x":-0.09466627240180969,"y":-0.005378441419452429,"z":0.0005115560488775373,"w":-0.9954941868782044},"size":279.6246032714844,"orthographic":false}