{"cameraMode":{"drawMode":0,"name":"Shaded","section":"Shading Mode"},"sceneLighting":true,"audioPlay":false,"sceneViewState":{"showFog":true,"showMaterialUpdate":false,"showSkybox":true,"showFlares":true,"showImageEffects":true,"showParticleSystems":true},"in2DMode":false,"pivot":{"x":367.62213134765627,"y":97.86123657226563,"z":28.4378662109375},"rotation":{"x":-0.1541908234357834,"y":-0.0038561515975743534,"z":0.0006018496351316571,"w":-0.9880338311195374},"size":127.8552017211914,"orthographic":false}