{"cameraMode":{"drawMode":0,"name":"Shaded","section":"Shading Mode"},"sceneLighting":true,"audioPlay":false,"sceneViewState":{"showFog":true,"showMaterialUpdate":false,"showSkybox":true,"showFlares":true,"showImageEffects":true,"showParticleSystems":true},"in2DMode":false,"pivot":{"x":0.10028592497110367,"y":0.20089519023895265,"z":-9.902788162231446},"rotation":{"x":0.00010855706204893067,"y":0.9981802701950073,"z":-0.060273006558418277,"w":0.0017977087991312147},"size":7.709610462188721,"orthographic":false}